{
    "name": "root",
    "gauges": {
        "SpaceSheepAi.Policy.Entropy.mean": {
            "value": 1.4152956008911133,
            "min": 1.4137814044952393,
            "max": 1.418938398361206,
            "count": 4
        },
        "SpaceSheepAi.Policy.Entropy.sum": {
            "value": 17099.6015625,
            "min": 17045.70703125,
            "max": 17113.82421875,
            "count": 4
        },
        "SpaceSheepAi.Environment.EpisodeLength.mean": {
            "value": 153.57142857142858,
            "min": 147.71604938271605,
            "max": 154.19230769230768,
            "count": 4
        },
        "SpaceSheepAi.Environment.EpisodeLength.sum": {
            "value": 1075.0,
            "min": 1075.0,
            "max": 12027.0,
            "count": 4
        },
        "SpaceSheepAi.Step.mean": {
            "value": 47244.0,
            "min": 11690.0,
            "max": 47244.0,
            "count": 4
        },
        "SpaceSheepAi.Step.sum": {
            "value": 47244.0,
            "min": 11690.0,
            "max": 47244.0,
            "count": 4
        },
        "SpaceSheepAi.Policy.ExtrinsicValueEstimate.mean": {
            "value": -0.6341540217399597,
            "min": -0.6341540217399597,
            "max": -0.2268160730600357,
            "count": 4
        },
        "SpaceSheepAi.Policy.ExtrinsicValueEstimate.sum": {
            "value": -11.414772033691406,
            "min": -42.45808792114258,
            "max": -11.414772033691406,
            "count": 4
        },
        "SpaceSheepAi.Environment.CumulativeReward.mean": {
            "value": 0.15624999906867743,
            "min": 0.14506493005659674,
            "max": 0.15624999906867743,
            "count": 4
        },
        "SpaceSheepAi.Environment.CumulativeReward.sum": {
            "value": 1.2499999925494194,
            "min": 1.2499999925494194,
            "max": 11.77999966032803,
            "count": 4
        },
        "SpaceSheepAi.Policy.ExtrinsicReward.mean": {
            "value": 0.15624999906867743,
            "min": 0.14506493005659674,
            "max": 0.15624999906867743,
            "count": 4
        },
        "SpaceSheepAi.Policy.ExtrinsicReward.sum": {
            "value": 1.2499999925494194,
            "min": 1.2499999925494194,
            "max": 11.77999966032803,
            "count": 4
        },
        "SpaceSheepAi.IsTraining.mean": {
            "value": 1.0,
            "min": 1.0,
            "max": 1.0,
            "count": 4
        },
        "SpaceSheepAi.IsTraining.sum": {
            "value": 1.0,
            "min": 1.0,
            "max": 1.0,
            "count": 4
        },
        "SpaceSheepAi.Losses.PolicyLoss.mean": {
            "value": 0.03301695336122066,
            "min": 0.015401255141478032,
            "max": 0.03301695336122066,
            "count": 2
        },
        "SpaceSheepAi.Losses.PolicyLoss.sum": {
            "value": 0.03301695336122066,
            "min": 0.015401255141478032,
            "max": 0.03301695336122066,
            "count": 2
        },
        "SpaceSheepAi.Losses.ValueLoss.mean": {
            "value": 12.30127542813619,
            "min": 0.31788984735806786,
            "max": 12.30127542813619,
            "count": 2
        },
        "SpaceSheepAi.Losses.ValueLoss.sum": {
            "value": 12.30127542813619,
            "min": 0.31788984735806786,
            "max": 12.30127542813619,
            "count": 2
        },
        "SpaceSheepAi.Policy.LearningRate.mean": {
            "value": 0.00027937800687399995,
            "min": 0.00027937800687399995,
            "max": 0.00028962050345983343,
            "count": 2
        },
        "SpaceSheepAi.Policy.LearningRate.sum": {
            "value": 0.00027937800687399995,
            "min": 0.00027937800687399995,
            "max": 0.00028962050345983343,
            "count": 2
        },
        "SpaceSheepAi.Policy.Epsilon.mean": {
            "value": 0.19312600000000008,
            "min": 0.19312600000000008,
            "max": 0.19654016666666674,
            "count": 2
        },
        "SpaceSheepAi.Policy.Epsilon.sum": {
            "value": 0.19312600000000008,
            "min": 0.19312600000000008,
            "max": 0.19654016666666674,
            "count": 2
        },
        "SpaceSheepAi.Policy.Beta.mean": {
            "value": 0.0004663173999999998,
            "min": 0.0004663173999999998,
            "max": 0.00048304681666666685,
            "count": 2
        },
        "SpaceSheepAi.Policy.Beta.sum": {
            "value": 0.0004663173999999998,
            "min": 0.0004663173999999998,
            "max": 0.00048304681666666685,
            "count": 2
        }
    },
    "metadata": {
        "timer_format_version": "0.1.0",
        "start_time_seconds": "1629450285",
        "python_version": "3.9.6 (tags/v3.9.6:db3ff76, Jun 28 2021, 15:26:21) [MSC v.1929 64 bit (AMD64)]",
        "command_line_arguments": "D:\\Pythons\\Python 3.9.6 (64-bit)\\Scripts\\mlagents-learn Assets/Config/ML-agent/spaceshipai_config.yaml --run-id=SpaceSheepAi --force",
        "mlagents_version": "0.27.0",
        "mlagents_envs_version": "0.27.0",
        "communication_protocol_version": "1.5.0",
        "pytorch_version": "1.7.1+cu110",
        "numpy_version": "1.19.5",
        "end_time_seconds": "1629450664"
    },
    "total": 379.0135462,
    "count": 1,
    "self": 0.004808799999977964,
    "children": {
        "run_training.setup": {
            "total": 0.08212750000000002,
            "count": 1,
            "self": 0.08212750000000002
        },
        "TrainerController.start_learning": {
            "total": 378.9266099,
            "count": 1,
            "self": 1.1581827999988832,
            "children": {
                "TrainerController._reset_env": {
                    "total": 6.7800303,
                    "count": 1,
                    "self": 6.7800303
                },
                "TrainerController.advance": {
                    "total": 370.4689627000011,
                    "count": 50622,
                    "self": 0.5516937000015787,
                    "children": {
                        "env_step": {
                            "total": 369.9172689999995,
                            "count": 50622,
                            "self": 264.8578062999948,
                            "children": {
                                "SubprocessEnvManager._take_step": {
                                    "total": 104.49582190000022,
                                    "count": 50622,
                                    "self": 2.673650600000741,
                                    "children": {
                                        "TorchPolicy.evaluate": {
                                            "total": 101.82217129999948,
                                            "count": 50431,
                                            "self": 26.035274000000342,
                                            "children": {
                                                "TorchPolicy.sample_actions": {
                                                    "total": 75.78689729999914,
                                                    "count": 50431,
                                                    "self": 75.78689729999914
                                                }
                                            }
                                        }
                                    }
                                },
                                "workers": {
                                    "total": 0.5636408000044959,
                                    "count": 50621,
                                    "self": 0.0,
                                    "children": {
                                        "worker_root": {
                                            "total": 372.92916089999954,