{
    "name": "root",
    "metadata": {
        "timer_format_version": "0.1.0",
        "start_time_seconds": "1629314422",
        "python_version": "3.9.6 (tags/v3.9.6:db3ff76, Jun 28 2021, 15:26:21) [MSC v.1929 64 bit (AMD64)]",
        "command_line_arguments": "D:\\Pythons\\Python 3.9.6 (64-bit)\\Scripts\\mlagents-learn Assets/Config/ML-agent/spaceshipai_config.yaml --run-id=3Dball --force",
        "mlagents_version": "0.27.0",
        "mlagents_envs_version": "0.27.0",
        "communication_protocol_version": "1.5.0",
        "pytorch_version": "1.7.1+cu110",
        "numpy_version": "1.19.5",
        "end_time_seconds": "1629314496"
    },
    "total": 74.0256446,
    "count": 1,
    "self": 0.004714500000005728,
    "children": {
        "run_training.setup": {
            "total": 0.08154530000000015,
            "count": 1,
            "self": 0.08154530000000015
        },
        "TrainerController.start_learning": {
            "total": 73.9393848,
            "count": 1,
            "self": 0.00012169999999400716,
            "children": {
                "TrainerController._reset_env": {
                    "total": 13.056990299999999,
                    "count": 1,
                    "self": 13.056990299999999
                },
                "TrainerController.advance": {
                    "total": 60.1087774,
                    "count": 1,
                    "self": 1.4700000001255376e-05,
                    "children": {
                        "env_step": {
                            "total": 60.1087627,
                            "count": 1,
                            "self": 60.1087568,
                            "children": {
                                "SubprocessEnvManager._take_step": {
                                    "total": 5.899999999670058e-06,
                                    "count": 1,
                                    "self": 5.899999999670058e-06
                                }
                            }
                        }
                    }
                },
                "TrainerController._save_models": {
                    "total": 0.7734954000000016,
                    "count": 1,
                    "self": 0.008548800000014012,
                    "children": {
                        "RLTrainer._checkpoint": {
                            "total": 0.7649465999999876,
                            "count": 1,
                            "self": 0.7649465999999876
                        }
                    }
                }
            }
        }
    }
}